ticker,underlying_price,date,expiration,dte,option_type,strike,bid,ask,market_mid,last_price,market_iv,black_scholes_iv,american_model_iv,forecast_volatility,bs_market_iv_fair_value,bs_forecast_vol_fair_value,american_market_iv_fair_value,american_forecast_vol_fair_value,selected_model_fair_value,early_exercise_premium,price_edge_bs,price_edge_american,edge_after_spread_bs,edge_after_spread_american,vol_edge,implied_variance,forecast_variance,variance_edge,delta,gamma,theta,vega,rho,american_delta,american_gamma,spread,spread_pct,volume,open_interest,model_used,model_reason,model_confidence,pricing_warning,data_quality_warning,forecast_model_used,lambda_used,weights_used,forecast_as_of,forecast_horizon,spot,rate,dividend,option_style,style_verified,instrument_type,dividend_data_available,research_direction,edge_after_bid_ask,edge_after_bid_ask_pct,liquidity_pass,composite_score,research_bucket,contract_rank,future_realized_vol,direction_correct_vs_market_iv,dollar_gamma,gamma_weighted_edge,vega_normalized_edge,gamma_weighted_edge_contract,contract_multiplier,candidate_side,moneyness,log_moneyness,moneyness_bucket,dte_bucket,atm_iv,contract_iv_minus_atm_iv,iv_skew_slope_per_10pct_moneyness,atm_iv_1d,atm_iv_2d,atm_iv_5d,atm_iv_10d,term_spread_2d_minus_1d,term_spread_5d_minus_2d,term_spread_10d_minus_5d,iv_percentile,iv_percentile_observations,historical_bucket_iv_median,iv_minus_historical_bucket_median,surface_context_pass,surface_context_status,black_scholes_no_dividend_market_iv_fair_value,binomial_market_iv_fair_value,trinomial_market_iv_fair_value,approximation_market_iv_fair_value,binomial_forecast_vol_fair_value,trinomial_forecast_vol_fair_value,approximation_forecast_vol_fair_value,binomial_american_iv,trinomial_american_iv,selected_model_iv,iv_solver_status,iv_solver_warning,tree_early_exercise_premium,tree_model_difference,tree_convergence_status,price_edge,model_fair_value,tree_steps_used,black_scholes_runtime_ms,binomial_runtime_ms,trinomial_runtime_ms,approximation_runtime_ms,selected_model_runtime_ms,market_iv_fair_value,forecast_vol
QQQ,720.33,2026-08-05,2026-08-10,5,call,724,4.55,4.61,4.58,,18.1422,18.10946352005566,18.051256719334642,27.74358948826657,4.590775759855319,7.777325098346296,4.610096830597797,7.781981368784512,7.777325098346296,0.004656270438216481,3.1973250983462957,3.2019813687845122,3.1673250983462955,3.171981368784512,9.60138948826657,0.032913942084,0.07697067576934552,-0.04405673368534552,0.41791399373998056,0.02552725882536253,-0.6242775156346125,0.32918063366506284,0.04060893306176231,0.4179256326683656,0.025611265861430338,0.0600000000000005,1.3100436681222816,288,525,black_scholes_dividend_adjusted,Black-Scholes selected because American early-exercise premium was negligible,0.9277,option style inferred from configurable ticker map for QQQ; continuous dividend yield used; no discrete ex-dividend schedule was supplied,,ewma,0.95,,2026-08-04,5,720.33,3.78,0.44,american,False,etf,True,below-model,3.1673250983462955,68.70553358668752,True,0.8658294444444445,B - watchlist / needs trigger,1,,,6622.732154190117,-3.996930777897652,9.712980568594244,-399.6930777897652,100.0,long_vol,1.0050948870656504,0.005081952044921301,atm,5,18.600375,-0.45817500000000067,-7.661865031362438,,,18.600375,,,,,,0,,,False,historical bucket unavailable,4.608945007264765,4.610096830597797,4.600398531476023,4.590775759855319,7.781981368784512,7.766705661721313,7.777325098346296,18.051256719334642,18.080252461648836,18.10946352005566,converged,,0.0,0.015275707063199029,stable,3.1973250983462957,7.777325098346296,75.0,0.1708000199869275,16.330700018443167,3.6736000329256058,4.48190001770854,0.1708000199869275,4.590775759855319,27.74358948826657
QQQ,720.33,2026-08-05,2026-08-10,5,call,723,5.01,5.06,5.035,,18.2614,18.208487049427973,18.178763654492286,27.74358948826657,5.052619108683643,8.2224667153356,5.062289002274069,8.192986322461927,8.2224667153356,0.0,3.1874667153355993,3.1579863224619267,3.1624667153356,3.132986322461927,9.48218948826657,0.03334787299599999,0.07697067576934552,-0.04362280277334553,0.44390461362654354,0.02565441316571929,-0.6368302823687589,0.33299391620676166,0.04311030016779786,0.44387469706181226,0.025784489171343024,0.04999999999999982,0.9930486593843062,725,658,black_scholes_dividend_adjusted,Black-Scholes selected because American early-exercise premium was negligible,0.91315,option style inferred from configurable ticker map for QQQ; continuous dividend yield used; no discrete ex-dividend schedule was supplied,,ewma,0.95,,2026-08-04,5,720.33,3.78,0.44,american,False,etf,True,below-model,3.1624667153356,62.499342200308305,True,0.8345463888888889,B - watchlist / needs trigger,2,,,6655.720778005412,-3.9772766412792873,9.572146997894238,-397.72766412792873,100.0,long_vol,1.003706634459206,0.0036997818179695177,atm,5,18.600375,-0.33897500000000136,-7.661865031362438,,,18.600375,,,,,,0,,,False,historical bucket unavailable,5.071916947100988,5.062289002274069,5.046897284179178,5.052619108683643,8.192986322461927,8.233090484493955,8.2224667153356,18.178763654492286,18.22519174446863,18.208487049427973,converged,,0.0,0.04010416203202816,stable,3.1874667153355993,8.2224667153356,75.0,0.19539997447282076,11.145600117743015,3.4333999501541257,4.47889999486506,0.19539997447282076,5.052619108683643,27.74358948826657
QQQ,720.33,2026-08-05,2026-08-10,5,call,722,5.49,5.54,5.515,,18.3508,18.304117476171143,18.349827118312675,27.74358948826657,5.530655156084151,8.684476020340412,5.515329261677684,8.691869218543022,8.684476020340412,0.007393198202610307,3.1694760203404124,3.1768692185430227,3.144476020340412,3.1518692185430224,9.392789488266569,0.033675186064,0.07697067576934552,-0.04329548970534552,0.4697704058302089,0.025710585115530822,-0.64579875573682,0.3353567924477352,0.0455971316815877,0.46949704182444185,0.02594709840627849,0.04999999999999982,0.9066183136899334,880,816,black_scholes_dividend_adjusted,Black-Scholes selected because American early-exercise premium was negligible,0.9331,option style inferred from configurable ticker map for QQQ; continuous dividend yield used; no discrete ex-dividend schedule was supplied,,ewma,0.95,,2026-08-04,5,720.33,3.78,0.44,american,False,etf,True,below-model,3.144476020340412,56.75949495199299,True,0.7897105555555555,B - watchlist / needs trigger,3,,,6670.2938969104,-3.956077270483743,9.451056581280875,-395.60772704837433,100.0,long_vol,1.002318381852762,0.0023156985520311774,atm,5,18.600375,-0.2495750000000001,-7.661865031362438,,,18.600375,,,,,,0,,,False,historical bucket unavailable,5.551076098802355,5.515329261677684,5.538777593367623,5.530655156084151,8.691869218543022,8.699475307266589,8.684476020340412,18.349827118312675,18.280191578530367,18.304117476171143,converged,,0.0,0.007606088723566273,stable,3.1694760203404124,8.684476020340412,75.0,0.20999996922910213,12.731300084851682,3.146599978208542,5.264500039629638,0.20999996922910213,5.530655156084151,27.74358948826657
QQQ,720.33,2026-08-05,2026-08-10,5,call,721,5.99,6.05,6.02,,18.4402,18.396881038888758,18.35288306004406,27.74358948826657,6.034568175685081,9.163444709441023,6.049490264849377,9.19075211462411,9.163444709441023,0.02730740518308572,3.143444709441024,3.1707521146241096,3.1134447094410236,3.1407521146241093,9.303389488266568,0.03400409760400001,0.07697067576934552,-0.04296657816534551,0.49554767676537337,0.02565792338667022,-0.652183648522896,0.3363003163733417,0.04807168353818032,0.4954186596350981,0.02576782097992705,0.05999999999999961,0.9966777408637809,6249,385,black_scholes_dividend_adjusted,Black-Scholes selected because American early-exercise premium was negligible,0.9239499999999999,option style inferred from configurable ticker map for QQQ; continuous dividend yield used; no discrete ex-dividend schedule was supplied,,ewma,0.95,,2026-08-04,5,720.33,3.78,0.44,american,False,etf,True,below-model,3.1134447094410236,51.461896023818575,True,0.7475863888888888,B - watchlist / needs trigger,4,,,6656.631461495523,-3.9179818631266508,9.347135748606755,-391.79818631266505,100.0,long_vol,1.0009301292463175,0.0009296969441539189,atm,5,18.600375,-0.16017499999999885,-7.661865031362438,,,18.600375,,,,,,0,,,False,historical bucket unavailable,6.056108276683801,6.049490264849377,6.040266279860335,6.034568175685081,9.19075211462411,9.16586013003923,9.163444709441023,18.35288306004406,18.37989322548657,18.396881038888758,converged,,0.0,0.024891984584879623,stable,3.143444709441024,9.163444709441023,75.0,0.3611999563872814,22.01209997292608,3.499799990095198,5.723300040699542,0.3611999563872814,6.034568175685081,27.74358948826657
QQQ,720.33,2026-08-05,2026-08-10,5,put,724,8.02,8.1,8.06,,18.3508,18.53875560221667,18.39382229776349,27.74358948826657,7.998081046078767,11.11594483453689,8.045793371162556,11.145491780135155,11.145491780135155,0.02954694559826443,3.0559448345368896,3.085491780135154,3.0159448345368904,3.045491780135155,9.392789488266569,0.033675186064,0.07697067576934552,-0.04329548970534552,-0.5810111869398685,0.025250581654364144,-0.5652702144038301,0.3293567234271928,-0.05842710538828415,-0.5836911823397114,0.025544264991380166,0.08000000000000007,0.9925558312655095,1744,499,binomial_american_crr,American CRR selected because same-lattice early-exercise premium exceeded the materiality threshold,0.929575,option style inferred from configurable ticker map for QQQ; early exercise premium is material,,ewma,0.95,,2026-08-04,5,720.33,3.78,0.44,american,False,etf,True,below-model,3.045491780135155,37.59866395228587,True,0.6978676388888889,B - watchlist / needs trigger,5,,,6550.951677906435,-3.8852967250823833,9.368236810314361,-388.5296725082383,100.0,long_vol,1.0050948870656504,0.005081952044921301,atm,5,18.600375,-0.2495750000000001,-7.661865031362438,,,18.600375,,,,,,0,,,False,historical bucket unavailable,7.972878240366754,8.045793371162556,8.034614849492455,8.014208010454174,11.145491780135155,11.127884383248642,11.128165542763913,18.39382229776349,18.428068469380577,18.39382229776349,converged,,0.024890675156086672,0.017607396886512916,stable,3.085491780135154,11.145491780135155,75.0,0.17330003902316093,16.56320004258305,4.706299980171025,15.983799938112497,16.56320004258305,7.998081046078767,27.74358948826657
QQQ,720.33,2026-08-05,2026-08-10,5,call,720,6.52,6.58,6.55,,18.5296,18.487539457402526,18.43012645091452,27.74358948826657,6.564125912527402,9.659434097754513,6.58352695754045,9.6896350107052,9.659434097754513,0.030200912950686387,3.109434097754513,3.1396350107051996,3.079434097754513,3.1096350107051993,9.21398948826657,0.034334607616,0.07697067576934552,-0.04263606815334552,0.5211303086874405,0.025499766632434966,-0.6559829576115759,0.3358477127837826,0.050523516348533776,0.5210904322925684,0.025590952961647404,0.0600000000000005,0.9160305343511527,1085,1204,black_scholes_dividend_adjusted,Black-Scholes selected because American early-exercise premium was negligible,0.918925,option style inferred from configurable ticker map for QQQ; continuous dividend yield used; no discrete ex-dividend schedule was supplied,,ewma,0.95,,2026-08-04,5,720.33,3.78,0.44,american,False,etf,True,below-model,3.079434097754513,46.79991030022056,True,0.6765018055555555,B - watchlist / needs trigger,6,,,6615.5996441413035,-3.8638788671624247,9.258464415258215,-386.38788671624246,100.0,long_vol,0.9995418766398734,-0.0004582283306940448,atm,5,18.600375,-0.07077500000000114,-7.661865031362438,,,18.600375,,,,,,0,,,False,historical bucket unavailable,6.586776621482329,6.58352695754045,6.563081642920824,6.564125912527402,9.6896350107052,9.65369650253697,9.659434097754513,18.43012645091452,18.490592599740012,18.487539457402526,converged,,0.0,0.03593850816822908,stable,3.109434097754513,9.659434097754513,75.0,0.1990000018849969,15.278300154022872,3.2245999900624156,6.3458000076934695,0.1990000018849969,6.564125912527402,27.74358948826657
QQQ,720.33,2026-08-05,2026-08-10,5,put,722,6.96,7.02,6.99,,18.5445,18.707677672054725,18.680772887185533,27.74358948826657,6.935271350950188,10.02413110489033,6.943974377931636,10.051783010326494,10.051783010326494,0.027651905436163915,3.0341311048903297,3.0617830103264936,3.0041311048903303,3.031783010326494,9.19908948826657,0.034389848025,0.07697067576934552,-0.04258082774434552,-0.5297647640511666,0.02544398192414248,-0.5863122701885889,0.3353824643041638,-0.053224756690400964,-0.5323744159295688,0.025863796028097564,0.05999999999999961,0.8583690987124408,869,374,binomial_american_crr,American CRR selected because same-lattice early-exercise premium exceeded the materiality threshold,0.93415,option style inferred from configurable ticker map for QQQ; early exercise premium is material,,ewma,0.95,,2026-08-04,5,720.33,3.78,0.44,american,False,etf,True,below-model,3.031783010326494,43.18779216989308,True,0.5661519444444445,B - watchlist / needs trigger,7,,,6601.126990267723,-3.850430839604656,9.12922807899018,-385.0430839604656,100.0,long_vol,1.002318381852762,0.0023156985520311774,atm,5,18.600375,-0.05587500000000034,-7.661865031362438,,,18.600375,,,,,,0,,,False,historical bucket unavailable,6.912293765354775,6.943974377931636,6.965369105549686,6.948578676794304,10.051783010326494,10.05853683162421,10.034936604589298,18.680772887185533,18.617733288771852,18.680772887185533,converged,,0.02025870722962253,0.006753821297715845,stable,3.0617830103264936,10.051783010326494,75.0,0.3077000146731734,14.263599994592369,4.6091999392956495,7.01229996047914,14.263599994592369,6.935271350950188,27.74358948826657
QQQ,720.33,2026-08-05,2026-08-10,5,put,723,7.47,7.54,7.505,,18.4402,18.60140556295901,18.495138340940763,27.74358948826657,7.451302440728114,10.56160412570597,7.486879042156208,10.555476682622311,10.555476682622311,0.0,3.0566041257059693,3.0504766826223113,3.021604125705969,3.015476682622311,9.303389488266568,0.03400409760400001,0.07697067576934552,-0.04296657816534551,-0.5554127636746468,0.025411275898178674,-0.5768013387218235,0.33306748933732805,-0.05582627102718992,-0.5579631706501754,0.025738417578425963,0.07000000000000028,0.9327115256495707,1174,663,binomial_american_crr,American CRR selected because same-lattice early-exercise premium exceeded the materiality threshold,0.919825,option style inferred from configurable ticker map for QQQ; early exercise premium is material,,ewma,0.95,,2026-08-04,5,720.33,3.78,0.44,american,False,etf,True,below-model,3.015476682622311,39.99305945122428,True,0.5557134722222222,B - watchlist / needs trigger,8,,,6592.641815605293,-3.880318628579866,9.158734431545835,-388.0318628579866,100.0,long_vol,1.003706634459206,0.0036997818179695177,atm,5,18.600375,-0.16017499999999885,-7.661865031362438,,,18.600375,,,,,,0,,,False,historical bucket unavailable,7.42721122913008,7.486879042156208,7.469900344388549,7.46594933521875,10.555476682622311,10.592819856116352,10.573095953197452,18.495138340940763,18.54717603669004,18.495138340940763,converged,,0.023352949786177746,0.03734317349404037,stable,3.0504766826223113,10.555476682622311,75.0,0.16149994917213917,14.843499986454844,3.7866999628022313,8.186299935914576,14.843499986454844,7.451302440728114,27.74358948826657
QQQ,720.33,2026-08-05,2026-08-10,5,call,719,7.08,7.14,7.11,,18.6339,18.592071577131037,18.596879322620772,27.74358948826657,7.1239722612488094,10.172474658298142,7.122452324051713,10.188517906786288,10.172474658298142,0.016043248488145423,3.062474658298142,3.0785179067862876,3.0324746582981428,3.048517906786288,9.109689488266568,0.034722222921,0.07697067576934552,-0.04224845284834552,0.5463871298455453,0.025220675884734717,-0.6577272866294119,0.33404165466539915,0.05293905054525929,0.5464857230136853,0.02539620009838662,0.05999999999999961,0.843881856540079,62,336,black_scholes_dividend_adjusted,Black-Scholes selected because American early-exercise premium was negligible,0.9358,option style inferred from configurable ticker map for QQQ; continuous dividend yield used; no discrete ex-dividend schedule was supplied,,ewma,0.95,,2026-08-04,5,720.33,3.78,0.44,american,False,etf,True,below-model,3.0324746582981428,42.47163386972189,True,0.5440122222222221,B - watchlist / needs trigger,9,,,6543.1929951792545,-3.7868463114308963,9.167942427317167,-378.68463114308963,100.0,long_vol,0.9981536240334291,-0.0018480826197483451,atm,5,18.600375,0.033525000000000915,-7.661865031362438,,,18.600375,,,,,,0,,,False,historical bucket unavailable,7.147719318029772,7.122452324051713,7.134312289717785,7.1239722612488094,10.188517906786288,10.185086021446242,10.172474658298142,18.596879322620772,18.56125717773665,18.592071577131037,converged,,0.0,0.0034318853400456817,stable,3.062474658298142,10.172474658298142,75.0,0.19950000569224358,15.057200100272894,7.225099951028824,6.415899959392846,0.19950000569224358,7.1239722612488094,27.74358948826657
QQQ,720.33,2026-08-05,2026-08-10,5,put,721,6.46,6.53,6.495,,18.648799999999998,18.797793055601545,18.69176971298304,27.74358948826657,6.444893321809275,9.503617468170546,6.48049646194085,9.549952242755163,9.549952242755163,0.04633477458461677,3.008617468170546,3.0549522427551628,2.973617468170546,3.0199522427551626,9.09478948826657,0.034777774144,0.07697067576934552,-0.04219290162534552,-0.504245743167982,0.025371022843771476,-0.5932573750372527,0.3363016611659708,-0.050639483492876954,-0.5064450753084937,0.02565233332567579,0.07000000000000028,1.0777521170130913,875,160,binomial_american_crr,American CRR selected because same-lattice early-exercise premium exceeded the materiality threshold,0.92425,option style inferred from configurable ticker map for QQQ; early exercise premium is material,,ewma,0.95,,2026-08-04,5,720.33,3.78,0.44,american,False,etf,True,below-model,3.0199522427551626,46.24735440666405,True,0.5101013888888889,B - watchlist / needs trigger,10,,,6582.198657585442,-3.8044117868216967,9.083964177172142,-380.44117868216966,100.0,long_vol,1.0009301292463175,0.0009296969441539189,atm,5,18.600375,0.048424999999998164,-7.661865031362438,,,18.600375,,,,,,0,,,False,historical bucket unavailable,6.423023662588093,6.48049646194085,6.470509782407235,6.456994992271448,9.549952242755163,9.52463264582126,9.513776762568831,18.69176971298304,18.72172517292732,18.69176971298304,converged,,0.01902736939755556,0.025319596933902844,stable,3.0549522427551628,9.549952242755163,75.0,0.29589992482215166,16.90929988399148,3.3582999603822827,8.383300038985908,16.90929988399148,6.444893321809275,27.74358948826657
QQQ,720.33,2026-08-05,2026-08-10,5,put,720,6.01,6.06,6.035,,18.782899999999998,18.917220418077214,18.802105260925735,27.74358948826657,5.989887525177323,9.000124530663811,6.0285290865069765,9.048568685884513,9.048568685884513,0.048444155220702,2.965124530663811,3.013568685884513,2.9401245306638115,2.9885686858845135,8.96068948826657,0.03527973324099999,0.07697067576934552,-0.04169094252834553,-0.47897721337645105,0.025156445277875507,-0.5986412783363309,0.3358551904290899,-0.048083773100909076,-0.4809211121284343,0.025404835848402547,0.04999999999999982,0.8285004142502042,7575,1428,binomial_american_crr,American CRR selected because same-lattice early-exercise premium exceeded the materiality threshold,0.9169,option style inferred from configurable ticker map for QQQ; early exercise premium is material,,ewma,0.95,,2026-08-04,5,720.33,3.78,0.44,american,False,etf,True,below-model,2.9885686858845135,49.31631494858934,True,0.4430672222222222,B - watchlist / needs trigger,11,,,6526.529157191801,-3.727358246603489,8.972821536669914,-372.7358246603489,100.0,long_vol,0.9995418766398734,-0.0004582283306940448,atm,5,18.600375,0.18252499999999827,-7.661865031362438,,,18.600375,,,,,,0,,,False,historical bucket unavailable,5.969114782956126,6.0285290865069765,6.006362371442132,6.0008964618995275,9.048568685884513,9.011248774366923,9.009675447536026,18.802105260925735,18.868319846482066,18.802105260925735,converged,,0.0182432422661698,0.0373199115175904,stable,3.013568685884513,9.048568685884513,75.0,0.17809995915740728,11.66920003015548,4.171399981714785,8.202800061553717,11.66920003015548,5.989887525177323,27.74358948826657
QQQ,720.33,2026-08-05,2026-08-10,5,call,718,7.66,7.73,7.695,,18.768,18.697074801637772,18.6999273365624,27.74358948826657,7.718471990317255,10.702565726372654,7.7172500149202845,10.687400802867382,10.702565726372654,0.0,3.007565726372654,2.9924008028673814,2.972565726372654,2.9574008028673813,8.975589488266568,0.03522378240000001,0.07697067576934552,-0.04174689336934551,0.571116465660843,0.02480929805039724,-0.657987469909518,0.33095779634573497,0.055297787906733946,0.5711345079124992,0.024981766349992336,0.07000000000000028,0.909681611436001,131,487,black_scholes_dividend_adjusted,Black-Scholes selected because American early-exercise premium was negligible,0.9239499999999999,option style inferred from configurable ticker map for QQQ; continuous dividend yield used; no discrete ex-dividend schedule was supplied,,ewma,0.95,,2026-08-04,5,720.33,3.78,0.44,american,False,etf,True,below-model,2.972565726372654,38.45492530883123,True,0.3767530555555556,B - watchlist / needs trigger,12,,,6436.466094746018,-3.680855667572188,9.087459970971047,-368.08556675721877,100.0,long_vol,0.9967653714269848,-0.0032398712925708452,atm,5,18.600375,0.16762500000000102,-7.661865031362438,,,18.600375,,,,,,0,,,False,historical bucket unavailable,7.743292367726099,7.7172500149202845,7.715355485238833,7.718471990317255,10.687400802867382,10.716475540355523,10.702565726372654,18.6999273365624,18.70705848408456,18.697074801637772,converged,,0.0,0.029074737488141267,stable,3.007565726372654,10.702565726372654,75.0,0.2614000113680959,10.204999940469861,3.311700071208179,6.651100004091859,0.2614000113680959,7.718471990317255,27.74358948826657
QQQ,720.33,2026-08-05,2026-08-10,5,put,719,5.56,5.62,5.59,,18.8574,19.007524262514263,18.955792222619674,27.74358948826657,5.539843569540949,8.513682765387045,5.556908744788393,8.547364824259908,8.547364824259908,0.0336820588728628,2.9236827653870456,2.9573648242599084,2.8936827653870454,2.927364824259908,8.88618948826657,0.035560153475999993,0.07697067576934552,-0.04141052229334553,-0.4539972496315562,0.024925003662976185,-0.5994987532088092,0.3340851632170112,-0.04555721676666298,-0.45569768750229334,0.02524436002085702,0.0600000000000005,1.07334525939178,448,505,binomial_american_crr,American CRR selected because same-lattice early-exercise premium exceeded the materiality threshold,0.934225,option style inferred from configurable ticker map for QQQ; early exercise premium is material,,ewma,0.95,,2026-08-04,5,720.33,3.78,0.44,american,False,etf,True,below-model,2.927364824259908,52.088342068681634,True,0.33837791666666667,B - watchlist / needs trigger,13,,,6466.484487480201,-3.668226027785916,8.852128588359063,-366.8226027785916,100.0,long_vol,0.9981536240334291,-0.0018480826197483451,atm,5,18.600375,0.2570249999999987,-7.661865031362438,,,18.600375,,,,,,0,,,False,historical bucket unavailable,5.520155199378792,5.556908744788393,5.566147550444818,5.549879420953148,8.547364824259908,8.541802079761698,8.522660966116874,18.955792222619674,18.92867354507848,18.955792222619674,converged,,0.01763881038082893,0.005562744498210037,stable,2.9573648242599084,8.547364824259908,75.0,0.3389000194147229,11.107899947091937,2.6467000134289265,9.800600004382432,11.107899947091937,5.539843569540949,27.74358948826657
QQQ,720.33,2026-08-05,2026-08-10,5,call,717,8.27,8.35,8.31,,18.8723,18.819634211400697,18.76187512391236,27.74358948826657,8.327202141096109,11.249675373316677,8.346021661895254,11.244121340329883,11.249675373316677,0.0,2.9396753733166765,2.9341213403298827,2.8996753733166774,2.8941213403298836,8.87128948826657,0.035616370729,0.07697067576934552,-0.04135430504034552,0.595393349215017,0.02435123198824669,-0.6548513461752069,0.32665244598532955,0.057609930013555764,0.5952247066683145,0.02444111383325247,0.08000000000000007,0.9626955475330934,47,243,black_scholes_dividend_adjusted,Black-Scholes selected because American early-exercise premium was negligible,0.9358,option style inferred from configurable ticker map for QQQ; continuous dividend yield used; no discrete ex-dividend schedule was supplied,,ewma,0.95,,2026-08-04,5,720.33,3.78,0.44,american,False,etf,True,below-model,2.8996753733166774,34.72665117744524,True,0.27179,B - watchlist / needs trigger,14,,,6317.626509998532,-3.5789185455541475,8.999398012922583,-357.89185455541474,100.0,long_vol,0.9953771188205405,-0.004633599741174775,atm,5,18.600375,0.27192499999999953,-7.661865031362438,,,18.600375,,,,,,0,,,False,historical bucket unavailable,8.353076150419781,8.346021661895254,8.333451193455781,8.327202141096109,11.244121340329883,11.247865059264802,11.249675373316677,18.76187512391236,18.800050316022443,18.819634211400697,converged,,0.0,0.0037437189349187605,stable,2.9396753733166765,11.249675373316677,75.0,0.2128999913111329,10.776199982501566,2.877600025385618,5.052999942563474,0.2128999913111329,8.327202141096109,27.74358948826657
QQQ,720.33,2026-08-05,2026-08-10,5,put,718,5.15,5.2,5.175,,18.9915,19.114790014098197,19.07729123146725,27.74358948826657,5.134179118684472,8.044291507641162,5.14693969987316,8.04633817331516,8.04633817331516,0.002046665673997694,2.8692915076411625,2.87133817331516,2.844291507641162,2.84633817331516,8.75208948826657,0.03606770722499999,0.07697067576934552,-0.04090296854434553,-0.4295496474541159,0.02452542426066667,-0.5999004383637817,0.33106703668318443,-0.043089270776617505,-0.43111252236916114,0.024840159673775297,0.04999999999999982,0.9661835748792237,410,561,binomial_american_crr,American CRR selected because same-lattice early-exercise premium exceeded the materiality threshold,0.921025,option style inferred from configurable ticker map for QQQ; early exercise premium is material,,ewma,0.95,,2026-08-04,5,720.33,3.78,0.44,american,False,etf,True,below-model,2.84633817331516,54.737272563753066,True,0.2238290277777778,B - watchlist / needs trigger,15,,,6362.818544578487,-3.565180366880442,8.672981164424701,-356.51803668804416,100.0,long_vol,0.9967653714269848,-0.0032398712925708452,atm,5,18.600375,0.39112499999999883,-7.661865031362438,,,18.600375,,,,,,0,,,False,historical bucket unavailable,5.115551847873803,5.14693969987316,5.146499481100241,5.143327949719708,8.04633817331516,8.072851107961688,8.052730608534771,19.07729123146725,19.076821739899067,19.07729123146725,converged,,0.0172115891753446,0.026512934646527597,stable,2.87133817331516,8.04633817331516,75.0,0.31919998582452536,16.20289997663349,5.908600054681301,6.127999979071319,16.20289997663349,5.134179118684472,27.74358948826657
QQQ,720.33,2026-08-05,2026-08-10,5,call,716,8.9,8.98,8.94,,18.976599999999998,18.915960643380206,18.87014637982302,27.74358948826657,8.95947562288086,11.813740451970205,8.974658568222166,11.8342024662262,11.813740451970205,0.020462014255995697,2.873740451970205,2.8942024662262007,2.833740451970204,2.8542024662261998,8.76698948826657,0.036011134756,0.07697067576934552,-0.04095954101334552,0.6190812094681537,0.023814278135838425,-0.6494360300877157,0.3212151125447796,0.059860724930591004,0.619052378728738,0.023910927307508347,0.08000000000000007,0.8948545861297548,136,301,black_scholes_dividend_adjusted,Black-Scholes selected because American early-exercise premium was negligible,0.928375,option style inferred from configurable ticker map for QQQ; continuous dividend yield used; no discrete ex-dividend schedule was supplied,,ewma,0.95,,2026-08-04,5,720.33,3.78,0.44,american,False,etf,True,below-model,2.833740451970204,31.55612975467933,True,0.21030763888888887,B - watchlist / needs trigger,16,,,6178.32046198184,-3.466591374741603,8.946467148458296,-346.6591374741603,100.0,long_vol,0.9939888662140962,-0.006029273380149512,atm,5,18.600375,0.37622499999999803,-7.661865031362438,,,18.600375,,,,,,0,,,False,historical bucket unavailable,8.986377615373044,8.974658568222166,8.967375774013746,8.95947562288086,11.8342024662262,11.812657048178515,11.813740451970205,18.87014637982302,18.892094481958168,18.915960643380206,converged,,0.0,0.02154541804768506,stable,2.873740451970205,11.813740451970205,75.0,3.6813999759033322,11.52499986346811,4.256000043824315,5.3746000630781054,3.6813999759033322,8.95947562288086,27.74358948826657
QQQ,720.33,2026-08-05,2026-08-10,5,put,717,4.76,4.81,4.785,,19.1107,19.225881018811847,19.12759591261038,27.74358948826657,4.747345289495627,7.591918828764733,4.779486120444905,7.600622451040344,7.600622451040344,0.008703622275611167,2.806918828764733,2.815622451040344,2.7819188287647334,2.7906224510403446,8.632889488266567,0.03652188544900001,0.07697067576934552,-0.04044879032034551,-0.40560670256265163,0.024063263292682605,-0.5974387239130259,0.3268671397820523,-0.040673701554308286,-0.4072017984692106,0.024280863755218315,0.04999999999999982,1.0449320794148342,657,96,binomial_american_crr,American CRR selected because same-lattice early-exercise premium exceeded the materiality threshold,0.935125,option style inferred from configurable ticker map for QQQ; early exercise premium is material; low open interest,low open interest,ewma,0.95,,2026-08-04,5,720.33,3.78,0.44,american,False,etf,True,below-model,2.7906224510403446,58.017098774227534,True,0.15231180555555554,B - watchlist / needs trigger,17,,,6242.91658706636,-3.459156493392524,8.613966068653271,-345.9156493392524,100.0,long_vol,0.9953771188205405,-0.004633599741174775,atm,5,18.600375,0.5103250000000017,-7.661865031362438,,,18.600375,,,,,,0,,,False,historical bucket unavailable,4.729757147688247,4.779486120444905,4.765689837908839,4.755695861376297,7.600622451040344,7.604177107969901,7.59985051572561,19.12759591261038,19.17015770749577,19.12759591261038,converged,,0.014257655258377966,0.003554656929557254,stable,2.815622451040344,7.600622451040344,75.0,0.1908999402076006,16.555699985474348,2.5210001040250063,8.079000050202012,16.555699985474348,4.747345289495627,27.74358948826657
QQQ,720.33,2026-08-05,2026-08-10,5,put,716,4.4,4.44,4.42,,19.215,19.342922396195117,19.252762507030212,27.74358948826657,4.378854911543385,7.156501581597979,4.407700876978018,7.190164393488615,7.190164393488615,0.033662811890636135,2.736501581597979,2.7701643934886153,2.7165015815979787,2.750164393488615,8.528589488266569,0.036921622499999994,0.07697067576934552,-0.040049053269345526,-0.38218665584820305,0.02354352717079841,-0.5922180069819104,0.32155262608794066,-0.038312242290230066,-0.3835615264858753,0.023753746594368404,0.040000000000000036,0.9049773755656116,230,311,binomial_american_crr,American CRR selected because same-lattice early-exercise premium exceeded the materiality threshold,0.922,option style inferred from configurable ticker map for QQQ; early exercise premium is material,,ewma,0.95,,2026-08-04,5,720.33,3.78,0.44,american,False,etf,True,below-model,2.750164393488615,61.94063949298682,True,0.10443333333333332,B - watchlist / needs trigger,18,,,6108.077466671785,-3.3509961621373616,8.614964297418021,-335.09961621373617,100.0,long_vol,0.9939888662140962,-0.006029273380149512,atm,5,18.600375,0.6146250000000002,-7.661865031362438,,,18.600375,,,,,,0,,,False,historical bucket unavailable,4.362283141119121,4.407700876978018,4.3988921171277084,4.386484571357269,7.190164393488615,7.167862273630703,7.163955718517974,19.252762507030212,19.28012658228648,19.252762507030212,converged,,0.013200797630694261,0.022302119857911862,stable,2.7701643934886153,7.190164393488615,75.0,0.1653999788686633,17.418199917301536,4.94420004542917,8.820000104606152,17.418199917301536,4.378854911543385,27.74358948826657
SPX,7739.41,2026-08-05,2026-08-10,5,call,7760,30.1,30.4,30.25,,10.5695,10.637651249999088,,14.069183811423532,30.007649698497517,42.504591716205596,,,42.504591716205596,0.0,12.254591716205596,12.254591716205596,12.104591716205597,12.104591716205597,3.499683811423532,0.011171433025,0.0197941933119622,-0.0086227602869622,0.4288513893873994,0.004099913737667305,-3.99694458191512,3.555674611682987,0.45055466874523764,,,0.29999999999999716,0.9917355371900731,354,149,black_scholes_dividend_adjusted,European-style contract uses dividend-adjusted Black-Scholes,0.9375249999999999,option style inferred from configurable ticker map for SPX,,realized_60,,,2026-08-04,5,7739.41,3.78,1.12,european,False,index,True,below-model,12.104591716205597,39.817735908571045,True,0.8885429166666666,B - watchlist / needs trigger,1,,,122789.27416285446,-14.503869546799661,3.4464885161145835,-1450.386954679966,100.0,long_vol,1.0026604095144203,0.0026568768891275804,atm,5,10.951799999999999,-0.382299999999999,-5.535041117472481,,,10.951799999999999,,,,,,0,,,False,historical bucket unavailable,30.51980665928295,,,,,,,,,10.637651249999088,converged,,0.0,,not_applicable,12.254591716205596,42.504591716205596,,0.3244000254198909,,,,0.3244000254198909,30.007649698497517,14.069183811423532
SPX,7739.41,2026-08-05,2026-08-10,5,call,7755,32.4,32.7,32.55,,10.603,10.673273343060515,,14.069183811423532,32.298101320195656,44.749046820792955,,,44.749046820792955,0.0,12.199046820792958,12.199046820792958,12.049046820792952,12.049046820792952,3.466183811423532,0.0112423609,0.0197941933119622,-0.008551832411962201,0.44956387564233097,0.004119917442972506,-4.050703204115601,3.5843476302644155,0.47220014431024887,,,0.30000000000000426,0.9216589861751284,200,386,black_scholes_dividend_adjusted,European-style contract uses dividend-adjusted Black-Scholes,0.9375249999999999,option style inferred from configurable ticker map for SPX,,realized_60,,,2026-08-04,5,7739.41,3.78,1.12,european,False,index,True,below-model,12.049046820792952,36.8472379840763,True,0.8413206944444444,B - watchlist / needs trigger,2,,,123388.36980538639,-14.454748769327143,3.4034217880515794,-1445.4748769327143,100.0,long_vol,1.002014365436125,0.002012339322502556,atm,5,10.951799999999999,-0.3487999999999989,-5.535041117472481,,,10.951799999999999,,,,,,0,,,False,historical bucket unavailable,32.83486798993226,,,,,,,,,10.673273343060515,converged,,0.0,,not_applicable,12.199046820792958,44.749046820792955,,0.16709999181330204,,,,0.16709999181330204,32.298101320195656,14.069183811423532
SPX,7739.41,2026-08-05,2026-08-10,5,call,7750,34.8,35.1,34.95,,10.6354,10.707907143428647,,14.069183811423532,34.688735930359144,47.07109697078431,,,47.07109697078431,0.0,12.121096970784308,12.121096970784308,11.97109697078431,11.97109697078431,3.433783811423531,0.011311173316000001,0.0197941933119622,-0.0084830199959622,0.47029266101574724,0.00412897941003439,-4.0938197151880376,3.603208506340693,0.49384917639198966,,,0.30000000000000426,0.8583690987124585,466,1452,black_scholes_dividend_adjusted,European-style contract uses dividend-adjusted Black-Scholes,0.9375249999999999,option style inferred from configurable ticker map for SPX,,realized_60,,,2026-08-04,5,7739.41,3.78,1.12,european,False,index,True,below-model,11.97109697078431,34.10568937545387,True,0.807987361111111,B - watchlist / needs trigger,3,,,123659.7687735631,-14.369976591810929,3.363973233703902,-1436.9976591810928,100.0,long_vol,1.0013683213578297,0.00136738605925603,atm,5,10.951799999999999,-0.316399999999998,-5.535041117472481,,,10.951799999999999,,,,,,0,,,False,historical bucket unavailable,35.25012394944633,,,,,,,,,10.707907143428647,converged,,0.0,,not_applicable,12.121096970784308,47.07109697078431,,0.20450004376471043,,,,0.20450004376471043,34.688735930359144,14.069183811423532
SPX,7739.41,2026-08-05,2026-08-10,5,call,7745,37.3,37.6,37.45,,10.6668,10.741661287578228,,14.069183811423532,37.17957967710481,49.471062428201094,,,49.471062428201094,0.0,12.021062428201091,12.021062428201091,11.871062428201093,11.871062428201093,3.4023838114235314,0.011378062224,0.0197941933119622,-0.0084161310879622,0.490987595043509,0.0041271843232472015,-4.126219831965549,3.612275503201582,0.5154485922299423,,,0.30000000000000426,0.8010680907877283,132,93,black_scholes_dividend_adjusted,European-style contract uses dividend-adjusted Black-Scholes,0.9375249999999999,option style inferred from configurable ticker map for SPX; low open interest,low open interest,realized_60,,,2026-08-04,5,7739.41,3.78,1.12,european,False,index,True,below-model,11.871062428201093,31.57197454308801,True,0.7302095833333334,B - watchlist / needs trigger,4,,,123606.0073000879,-14.25047069448154,3.3278365444570186,-1425.0470694481542,100.0,long_vol,1.0007222772795343,0.0007220165628323479,atm,5,10.951799999999999,-0.28499999999999837,-5.535041117472481,,,10.951799999999999,,,,,,0,,,False,historical bucket unavailable,37.7655411961573,,,,,,,,,10.741661287578228,converged,,0.0,,not_applicable,12.021062428201091,49.471062428201094,,0.3149999538436532,,,,0.3149999538436532,37.17957967710481,14.069183811423532
SPX,7739.41,2026-08-05,2026-08-10,5,call,7740,40.0,40.2,40.1,,10.7112,10.788548196807731,,14.069183811423532,39.82064593288442,51.94914497114496,,,51.94914497114496,0.0,11.849144971144959,11.849144971144959,11.749144971144958,11.749144971144958,3.357983811423532,0.011472980544,0.0197941933119622,-0.0083212127679622,0.5115902490533446,0.004109349273208951,-4.152920731017213,3.611636492895966,0.5369295949990495,,,0.20000000000000284,0.49875311720698967,410,186,black_scholes_dividend_adjusted,European-style contract uses dividend-adjusted Black-Scholes,0.9375249999999999,option style inferred from configurable ticker map for SPX,,realized_60,,,2026-08-04,5,7739.41,3.78,1.12,european,False,index,True,below-model,11.749144971144958,29.22672878394268,True,0.7163206944444445,B - watchlist / needs trigger,5,,,123071.86122068748,-14.028864972143241,3.280824356064639,-1402.8864972143242,100.0,long_vol,1.000076233201239,7.623029563613349e-05,atm,5,10.951799999999999,-0.24059999999999881,-5.535041117472481,,,10.951799999999999,,,,,,0,,,False,historical bucket unavailable,40.43106006955986,,,,,,,,,10.788548196807731,converged,,0.0,,not_applicable,11.849144971144959,51.94914497114496,,0.4930999130010605,,,,0.4930999130010605,39.82064593288442,14.069183811423532
SPX,7739.41,2026-08-05,2026-08-10,5,call,7735,42.6,42.9,42.75,,10.7273,10.80726502678316,,14.069183811423532,42.462005137457254,54.50542673596374,,,54.50542673596374,0.0,11.755426735963738,11.755426735963738,11.60542673596374,11.60542673596374,3.341883811423532,0.011507496528999999,0.0197941933119622,-0.008286696782962202,0.5320767666557553,0.0040915939839114525,-4.159075340484302,3.601436867726902,0.558287430614488,,,0.29999999999999716,0.7017543859649056,47,122,black_scholes_dividend_adjusted,European-style contract uses dividend-adjusted Black-Scholes,0.9375249999999999,option style inferred from configurable ticker map for SPX,,realized_60,,,2026-08-04,5,7739.41,3.78,1.12,european,False,index,True,below-model,11.60542673596374,27.052276773808252,True,0.6385429166666665,B - watchlist / needs trigger,6,,,122540.10391434186,-13.910310751929185,3.2640935181472006,-1391.0310751929185,100.0,long_vol,0.9994301891229435,-0.0005699732809702898,atm,5,10.951799999999999,-0.22449999999999903,-5.535041117472481,,,10.951799999999999,,,,,,0,,,False,historical bucket unavailable,43.09673404546902,,,,,,,,,10.80726502678316,converged,,0.0,,not_applicable,11.755426735963738,54.50542673596374,,0.22030004765838385,,,,0.22030004765838385,42.462005137457254,14.069183811423532
SPX,7739.41,2026-08-05,2026-08-10,5,call,7730,45.5,45.7,45.6,,10.7708,10.853595194579867,,14.069183811423532,45.303411905110806,57.13986960663715,,,57.13986960663715,0.0,11.539869606637147,11.539869606637147,11.439869606637146,11.439869606637146,3.298383811423532,0.011601013264,0.0197941933119622,-0.008193180047962201,0.5523104795168793,0.004053048337256965,-4.164897997596273,3.5819753541881254,0.5793498405989892,,,0.20000000000000284,0.4385964912280764,65,51,black_scholes_dividend_adjusted,European-style contract uses dividend-adjusted Black-Scholes,0.9375249999999999,option style inferred from configurable ticker map for SPX; low open interest,low open interest,realized_60,,,2026-08-04,5,7739.41,3.78,1.12,european,False,index,True,below-model,11.439869606637146,25.032537432466402,True,0.5913206944444444,B - watchlist / needs trigger,7,,,121385.6913394238,-13.623764717674868,3.2216496389748954,-1362.376471767487,100.0,long_vol,0.9987841450446481,-0.0012165947066691486,atm,5,10.951799999999999,-0.18099999999999916,-5.535041117472481,,,10.951799999999999,,,,,,0,,,False,historical bucket unavailable,45.96214074297859,,,,,,,,,10.853595194579867,converged,,0.0,,not_applicable,11.539869606637147,57.13986960663715,,0.507800024934113,,,,0.507800024934113,45.303411905110806,14.069183811423532
SPX,7739.41,2026-08-05,2026-08-10,5,call,7725,48.4,48.7,48.55,,10.8145,10.900321207480431,,14.069183811423532,48.24498820304689,59.8523151578147,,,59.8523151578147,0.0,11.302315157814704,11.302315157814704,11.152315157814698,11.152315157814698,3.254683811423531,0.011695341025000002,0.0197941933119622,-0.008098852286962199,0.5722595137863615,0.004004698418157807,-4.160816808134682,3.553604651359513,0.6000967144370215,,,0.30000000000000426,0.6179196704428512,108,1141,black_scholes_dividend_adjusted,European-style contract uses dividend-adjusted Black-Scholes,0.9375249999999999,option style inferred from configurable ticker map for SPX,,realized_60,,,2026-08-04,5,7739.41,3.78,1.12,european,False,index,True,below-model,11.152315157814698,22.900031124876175,True,0.57187625,B - watchlist / needs trigger,8,,,119937.64831903671,-13.306264347691759,3.180521264089055,-1330.6264347691758,100.0,long_vol,0.9981381009663528,-0.0018636345221904804,atm,5,10.951799999999999,-0.13729999999999798,-5.535041117472481,,,10.951799999999999,,,,,,0,,,False,historical bucket unavailable,48.927372025900695,,,,,,,,,10.900321207480431,converged,,0.0,,not_applicable,11.302315157814704,59.8523151578147,,0.27359998784959316,,,,0.27359998784959316,48.24498820304689,14.069183811423532
SPX,7739.41,2026-08-05,2026-08-10,5,call,7720,51.4,51.7,51.55,,10.844800000000001,10.93377869079867,,14.069183811423532,51.237039870144145,62.64248515375766,,,62.64248515375766,0.0,11.092485153757664,11.092485153757664,10.942485153757659,10.942485153757659,3.2243838114235306,0.011760968704000004,0.0197941933119622,-0.008033224607962196,0.5919853575973474,0.003951827585833982,-4.142176416448233,3.5165142699924763,0.6206000488455262,,,0.30000000000000426,0.5819592628516087,148,1004,black_scholes_dividend_adjusted,European-style contract uses dividend-adjusted Black-Scholes,0.9375249999999999,option style inferred from configurable ticker map for SPX,,realized_60,,,2026-08-04,5,7739.41,3.78,1.12,european,False,index,True,below-model,10.942485153757659,21.165348459879414,True,0.5357651388888889,B - watchlist / needs trigger,9,,,118354.20741251604,-13.024190841672407,3.1543978787213613,-1302.4190841672407,100.0,long_vol,0.9974920568880574,-0.0025110932693148454,atm,5,10.951799999999999,-0.10699999999999754,-5.535041117472481,,,10.951799999999999,,,,,,0,,,False,historical bucket unavailable,51.942810469540746,,,,,,,,,10.93377869079867,converged,,0.0,,not_applicable,11.092485153757664,62.64248515375766,,0.27379998937249184,,,,0.27379998937249184,51.237039870144145,14.069183811423532
SPX,7739.41,2026-08-05,2026-08-10,5,put,7760,49.2,49.4,49.3,,11.050699999999999,11.000121012395393,,14.069183811423532,49.48009238137729,60.26476532616198,,,60.26476532616198,0.0,10.96476532616198,10.96476532616198,10.86476532616198,10.86476532616198,3.0184838114235326,0.012211797048999998,0.0197941933119622,-0.007582396262962202,-0.5677146732369366,0.003927117686373038,-3.609686317313271,3.5608735661374245,-0.608665302955898,,,0.19999999999999574,0.40567951318457557,93,15,black_scholes_dividend_adjusted,European-style contract uses dividend-adjusted Black-Scholes,0.9375249999999999,option style inferred from configurable ticker map for SPX; low open interest,low open interest,realized_60,,,2026-08-04,5,7739.41,3.78,1.12,european,False,index,True,below-model,10.86476532616198,21.99345207725097,True,0.4440984722222222,B - watchlist / needs trigger,10,,,117614.16486196895,-12.216400056449503,3.0792346660192593,-1221.6400056449504,100.0,long_vol,1.0026604095144203,0.0026568768891275804,atm,5,10.951799999999999,0.09890000000000043,-5.535041117472481,,,10.951799999999999,,,,,,0,,,False,historical bucket unavailable,48.80869764879208,,,,,,,,,11.000121012395393,converged,,0.0,,not_applicable,10.96476532616198,60.26476532616198,,0.3076000139117241,,,,0.3076000139117241,49.48009238137729,14.069183811423532
SPX,7739.41,2026-08-05,2026-08-10,5,put,7755,46.4,46.7,46.55,,11.065999999999999,11.018317692198567,,14.069183811423532,46.72102720735711,57.51180880164793,,,57.51180880164793,0.0,10.961808801647933,10.961808801647933,10.811808801647928,10.811808801647928,3.0031838114235327,0.012245635599999999,0.0197941933119622,-0.007548557711962202,-0.5479761302586322,0.003950386496491877,-3.65538906147032,3.5869316601756456,-0.5873606807523724,,,0.30000000000000426,0.6444683136412552,50,21,black_scholes_dividend_adjusted,European-style contract uses dividend-adjusted Black-Scholes,0.9375249999999999,option style inferred from configurable ticker map for SPX; low open interest,low open interest,realized_60,,,2026-08-04,5,7739.41,3.78,1.12,european,False,index,True,below-model,10.811808801647928,23.15162484292918,True,0.41354291666666665,B - watchlist / needs trigger,11,,,118311.04789120828,-12.233942095472734,3.0560406052205504,-1223.3942095472735,100.0,long_vol,1.002014365436125,0.002012339322502556,atm,5,10.951799999999999,0.1142000000000003,-5.535041117472481,,,10.951799999999999,,,,,,0,,,False,historical bucket unavailable,46.0730880045885,,,,,,,,,11.018317692198567,converged,,0.0,,not_applicable,10.961808801647933,57.51180880164793,,0.33950002398341894,,,,0.33950002398341894,46.72102720735711,14.069183811423532
SPX,7739.41,2026-08-05,2026-08-10,5,put,7750,43.8,44.1,43.95,,11.0955,11.05051126577893,,14.069183811423532,44.112144296523184,54.83644732253697,,,54.83644732253697,0.0,10.886447322536966,10.886447322536966,10.736447322536968,10.736447322536968,2.973683811423532,0.012311012025,0.0197941933119622,-0.007483181286962201,-0.5281175320260351,0.00395879875928217,-3.696548709702524,3.6041524418647573,-0.5659493497033066,,,0.30000000000000426,0.6825938566552997,161,85,black_scholes_dividend_adjusted,European-style contract uses dividend-adjusted Black-Scholes,0.9375249999999999,option style inferred from configurable ticker map for SPX; low open interest,low open interest,realized_60,,,2026-08-04,5,7739.41,3.78,1.12,european,False,index,True,below-model,10.736447322536968,24.34568553863258,True,0.3802095833333333,B - watchlist / needs trigger,12,,,118562.98871440103,-12.153812855807072,3.0205290975163117,-1215.381285580707,100.0,long_vol,1.0013683213578297,0.00136738605925603,atm,5,10.951799999999999,0.14370000000000083,-5.535041117472481,,,10.951799999999999,,,,,,0,,,False,historical bucket unavailable,43.48779270691193,,,,,,,,,11.05051126577893,converged,,0.0,,not_applicable,10.886447322536966,54.83644732253697,,0.32759993337094784,,,,0.32759993337094784,44.112144296523184,14.069183811423532
SPX,7739.41,2026-08-05,2026-08-10,5,put,7745,41.3,41.6,41.45,,11.1252,11.08273162646772,,14.069183811423532,41.60341207824513,52.2390011508528,,,52.2390011508528,0.0,10.789001150852798,10.789001150852798,10.639001150852799,10.639001150852799,2.943983811423532,0.012377007503999997,0.0197941933119622,-0.007417185807962204,-0.5082813153727214,0.003957253110985384,-3.727864205044169,3.6123889468877355,-0.5445754667242518,,,0.30000000000000426,0.7237635705669584,271,41,black_scholes_dividend_adjusted,European-style contract uses dividend-adjusted Black-Scholes,0.9375249999999999,option style inferred from configurable ticker map for SPX; low open interest,low open interest,realized_60,,,2026-08-04,5,7739.41,3.78,1.12,european,False,index,True,below-model,10.639001150852799,25.574521997242307,True,0.34409847222222223,B - watchlist / needs trigger,13,,,118516.69773253727,-12.04192285518249,2.986666527187803,-1204.192285518249,100.0,long_vol,1.0007222772795343,0.0007220165628323479,atm,5,10.951799999999999,0.1734000000000009,-5.535041117472481,,,10.951799999999999,,,,,,0,,,False,historical bucket unavailable,41.00261450547487,,,,,,,,,11.08273162646772,converged,,0.0,,not_applicable,10.789001150852798,52.2390011508528,,0.3576000453904271,,,,0.3576000453904271,41.60341207824513,14.069183811423532
SPX,7739.41,2026-08-05,2026-08-10,5,put,7740,38.9,39.2,39.05,,11.1552,11.11512051208062,,14.069183811423532,39.19475516543116,49.719672064693896,,,49.719672064693896,0.0,10.669672064693899,10.669672064693899,10.519672064693893,10.519672064693893,2.913983811423531,0.012443848704000003,0.0197941933119622,-0.007350344607962198,-0.4885175054714082,0.003945863446781887,-3.749335013366265,3.611704923722984,-0.5232920578336853,,,0.30000000000000426,0.7682458386683849,199,111,black_scholes_dividend_adjusted,European-style contract uses dividend-adjusted Black-Scholes,0.9375249999999999,option style inferred from configurable ticker map for SPX,,realized_60,,,2026-08-04,5,7739.41,3.78,1.12,european,False,index,True,below-model,10.519672064693893,26.83589812421911,True,0.30243180555555554,B - watchlist / needs trigger,14,,,118175.58601897673,-11.89905865051176,2.95419262925153,-1189.905865051176,100.0,long_vol,1.000076233201239,7.623029563613349e-05,atm,5,10.951799999999999,0.20340000000000202,-5.535041117472481,,,10.951799999999999,,,,,,0,,,False,historical bucket unavailable,38.61741869233492,,,,,,,,,11.11512051208062,converged,,0.0,,not_applicable,10.669672064693899,49.719672064693896,,0.2568999771028757,,,,0.2568999771028757,39.19475516543116,14.069183811423532
SPX,7739.41,2026-08-05,2026-08-10,5,put,7735,36.7,37.0,36.85,,11.2135,11.175649206992823,,14.069183811423532,36.98634786953198,47.278542200412176,,,47.278542200412176,0.0,10.428542200412174,10.428542200412174,10.278542200412176,10.278542200412176,2.855683811423532,0.012574258225,0.0197941933119622,-0.007219935086962202,-0.46893971674743135,0.003915101286344143,-3.7710896493247663,3.602276441632356,-0.5022332987755849,,,0.29999999999999716,0.8141112618724482,81,21,black_scholes_dividend_adjusted,European-style contract uses dividend-adjusted Black-Scholes,0.9375249999999999,option style inferred from configurable ticker map for SPX; low open interest,low open interest,realized_60,,,2026-08-04,5,7739.41,3.78,1.12,european,False,index,True,below-model,10.278542200412176,27.77984378489777,True,0.2329873611111111,B - watchlist / needs trigger,15,,,117254.28289078434,-11.596826179996787,2.894986647856078,-1159.6826179996788,100.0,long_vol,0.9994301891229435,-0.0005699732809702898,atm,5,10.951799999999999,0.26170000000000115,-5.535041117472481,,,10.951799999999999,,,,,,0,,,False,historical bucket unavailable,36.432237953033564,,,,,,,,,11.175649206992823,converged,,0.0,,not_applicable,10.428542200412174,47.278542200412176,,0.17710006795823574,,,,0.17710006795823574,36.98634786953198,14.069183811423532
SPX,7739.41,2026-08-05,2026-08-10,5,put,7730,34.5,34.8,34.65,,11.245,11.209217984617737,,14.069183811423532,34.77825036246668,44.91557344198236,,,44.91557344198236,0.0,10.265573441982362,10.265573441982362,10.115573441982363,10.115573441982363,2.8241838114235325,0.012645002499999999,0.0197941933119622,-0.007149190811962202,-0.44951832432648686,0.003884646312327857,-3.7733998907341157,3.584295373716673,-0.48134039244357835,,,0.29999999999999716,0.8658008658008577,134,106,black_scholes_dividend_adjusted,European-style contract uses dividend-adjusted Black-Scholes,0.9375249999999999,option style inferred from configurable ticker map for SPX,,realized_60,,,2026-08-04,5,7739.41,3.78,1.12,european,False,index,True,below-model,10.115573441982363,29.06773977581139,True,0.1996540277777778,B - watchlist / needs trigger,16,,,116342.17976047898,-11.39386907653796,2.864042265394454,-1139.386907653796,100.0,long_vol,0.9987841450446481,-0.0012165947066691486,atm,5,10.951799999999999,0.29320000000000057,-5.535041117472481,,,10.951799999999999,,,,,,0,,,False,historical bucket unavailable,34.24718150993431,,,,,,,,,11.209217984617737,converged,,0.0,,not_applicable,10.265573441982362,44.91557344198236,,0.32130000181496143,,,,0.32130000181496143,34.77825036246668,14.069183811423532
SPX,7739.41,2026-08-05,2026-08-10,5,put,7725,32.5,32.7,32.6,,11.2918,11.25792551560912,,14.069183811423532,32.720525590904344,42.630607364058505,,,42.630607364058505,0.0,10.030607364058504,10.030607364058504,9.930607364058503,9.930607364058503,2.7773838114235314,0.012750474724000002,0.0197941933119622,-0.007043718587962199,-0.43039824302631974,0.003840334715576938,-3.77165669916885,3.558156975740114,-0.4607875331029087,,,0.20000000000000284,0.6134969325153461,160,89,black_scholes_dividend_adjusted,European-style contract uses dividend-adjusted Black-Scholes,0.9375249999999999,option style inferred from configurable ticker map for SPX; low open interest,low open interest,realized_60,,,2026-08-04,5,7739.41,3.78,1.12,european,False,index,True,below-model,9.930607364058503,30.368829859506118,True,0.16076513888888888,B - watchlist / needs trigger,17,,,115015.08139934659,-11.097724202035108,2.8190457679209304,-1109.7724202035108,100.0,long_vol,0.9981381009663528,-0.0018636345221904804,atm,5,10.951799999999999,0.34000000000000163,-5.535041117472481,,,10.951799999999999,,,,,,0,,,False,historical bucket unavailable,32.21213024882536,,,,,,,,,11.25792551560912,converged,,0.0,,not_applicable,10.030607364058504,42.630607364058505,,0.314400065690279,,,,0.314400065690279,32.720525590904344,14.069183811423532
SPX,7739.41,2026-08-05,2026-08-10,5,put,7720,30.5,30.8,30.65,,11.3404,11.30843086612326,,14.069183811423532,30.762659146709666,40.423365730900514,,,40.423365730900514,0.0,9.773365730900515,9.773365730900515,9.623365730900513,9.623365730900513,2.728783811423531,0.012860467216000001,0.0197941933119622,-0.006933726095962199,-0.41159618565751493,0.0037874169870945897,-3.761283269107536,3.52423081700718,-0.4405855197789503,,,0.3000000000000007,0.978792822185973,138,138,black_scholes_dividend_adjusted,European-style contract uses dividend-adjusted Black-Scholes,0.9375249999999999,option style inferred from configurable ticker map for SPX,,realized_60,,,2026-08-04,5,7739.41,3.78,1.12,european,False,index,True,below-model,9.623365730900513,31.24469393149517,True,0.11909847222222222,B - watchlist / needs trigger,18,,,113430.23598882057,-10.773892977353915,2.77319115528312,-1077.3892977353914,100.0,long_vol,0.9974920568880574,-0.0025110932693148454,atm,5,10.951799999999999,0.38860000000000205,-5.535041117472481,,,10.951799999999999,,,,,,0,,,False,historical bucket unavailable,30.276553617151876,,,,,,,,,11.30843086612326,converged,,0.0,,not_applicable,9.773365730900515,40.423365730900514,,0.16120006330311298,,,,0.16120006330311298,30.762659146709666,14.069183811423532
SPY,771.55,2026-08-05,2026-08-10,5,call,775,2.48,2.5,2.49,,10.6767,10.718360855972822,10.746230482110011,14.254062919633084,2.4757466055498867,3.7160382744697813,2.4671423867202846,3.7290826671264488,3.7160382744697813,0.013044392656667458,1.226038274469781,1.2390826671264485,1.2160382744697813,1.2290826671264488,3.5773629196330834,0.011399192289,0.020317830971685883,-0.008918638682685883,0.37385240995259567,0.03928774681351886,-0.38604843099522523,0.3420577646464966,0.03917398360183224,0.3732080360380403,0.03961372820669724,0.020000000000000018,0.8032128514056232,3478,1419,black_scholes_dividend_adjusted,Black-Scholes selected because American early-exercise premium was negligible,0.9292,option style inferred from configurable ticker map for SPY; continuous dividend yield used; no discrete ex-dividend schedule was supplied,,realized_60,,,2026-08-04,5,771.55,3.78,1.11,american,False,etf,True,below-model,1.2160382744697813,48.64153097879125,True,0.9429246464646464,A - strongest research candidate,1,,,11693.78966309546,-1.4286669155681573,3.584301837839711,-142.86669155681574,100.0,long_vol,1.0044715183721082,0.004461550836133361,atm,5,11.0343,-0.3575999999999997,-6.17418751960299,,,11.0343,,,,,10.1010101010101,99,16.40517201978713,-5.72847201978713,True,confirmed relative to historical bucket,2.5198802563626828,2.4671423867202846,2.476656006993025,2.4757466055498867,3.7290826671264488,3.72292387036303,3.7160382744697813,10.746230482110011,10.716418655119387,10.718360855972822,converged,,0.0,0.006158796763418906,stable,1.226038274469781,3.7160382744697813,75.0,0.3589000552892685,15.151399886235595,3.6740999203175306,6.19159999769181,0.3589000552892685,2.4757466055498867,14.254062919633084
SPY,771.55,2026-08-05,2026-08-10,5,call,774,2.9,2.91,2.905,,10.751199999999999,10.792023735227136,10.75918808683167,14.254062919633084,2.890634741975987,4.130666160240423,2.9021656617455127,4.142946861295706,4.130666160240423,0.012280701055282783,1.2256661602404235,1.2379468612957063,1.2206661602404232,1.232946861295706,3.5028629196330847,0.011558830143999999,0.020317830971685883,-0.008759000827685885,0.41419944870735936,0.0401326128612773,-0.4013606259184934,0.3518517113434357,0.04338149998742289,0.4141443074810243,0.04026974445530611,0.010000000000000231,0.3442340791738462,1383,903,black_scholes_dividend_adjusted,Black-Scholes selected because American early-exercise premium was negligible,0.92335,option style inferred from configurable ticker map for SPY; continuous dividend yield used; no discrete ex-dividend schedule was supplied,,realized_60,,,2026-08-04,5,771.55,3.78,1.11,american,False,etf,True,below-model,1.2206661602404232,41.947290729911444,True,0.9128341666666668,A - strongest research candidate,2,,,11945.259565476788,-1.4332676496018344,3.483473635983184,-143.32676496018343,100.0,long_vol,1.0031754260903376,0.0031703950725133117,atm,5,11.0343,-0.283100000000001,-6.17418751960299,,,11.0343,,,,,11.11111111111111,99,16.40517201978713,-5.6539720197871315,True,confirmed relative to historical bucket,2.939507884477962,2.9021656617455127,2.8966957003896376,2.890634741975987,4.142946861295706,4.131286038593074,4.130666160240423,10.75918808683167,10.774721748192473,10.792023735227136,converged,,0.0,0.011660822702632245,stable,1.2256661602404235,4.130666160240423,75.0,0.3060000017285347,14.456199947744608,4.725400009192526,7.347299950197339,0.3060000017285347,2.890634741975987,14.254062919633084
SPY,771.55,2026-08-05,2026-08-10,5,call,776,2.11,2.13,2.12,,10.6171,10.658542580576288,10.62592342701842,14.254062919633084,2.1063689381398945,3.331258305422864,2.117088117385992,3.3152184729571883,3.331258305422864,0.0,1.2112583054228638,1.1952184729571882,1.201258305422864,1.1852184729571884,3.636962919633083,0.011272281241,0.020317830971685883,-0.009045549730685883,0.33457963296762444,0.03797634016746548,-0.36774955701347456,0.32879432108550694,0.03507377354493572,0.33462647757786435,0.038095197515959446,0.020000000000000018,0.9433962264150951,2076,1820,black_scholes_dividend_adjusted,Black-Scholes selected because American early-exercise premium was negligible,0.916675,option style inferred from configurable ticker map for SPY; continuous dividend yield used; no discrete ex-dividend schedule was supplied,,realized_60,,,2026-08-04,5,771.55,3.78,1.11,american,False,etf,True,below-model,1.201258305422864,56.39710354097953,True,0.849874154040404,A - strongest research candidate,3,,,11303.456423713638,-1.4006298247855138,3.6839392524296715,-140.0629824785514,100.0,long_vol,1.0057676106538787,0.005751041666005066,atm,5,11.0343,-0.41719999999999935,-6.17418751960299,,,11.0343,,,,,9.090909090909092,99,16.40517201978713,-5.78807201978713,True,confirmed relative to historical bucket,2.1458859172547022,2.117088117385992,2.106619290134558,2.1063689381398945,3.3152184729571883,3.329087439715468,3.331258305422864,10.62592342701842,10.656776917683011,10.658542580576288,converged,,0.0,0.013868966758279644,stable,1.2112583054228638,3.331258305422864,75.0,0.1537000061944127,14.850400038994849,4.926800029352307,7.268000044859946,0.1537000061944127,2.1063689381398945,14.254062919633084
SPY,771.55,2026-08-05,2026-08-10,5,call,773,3.35,3.37,3.36,,10.8108,10.863308385009798,10.865407309536831,14.254062919633084,3.341206411990356,4.575681735841272,3.340695574443099,4.560257748510023,4.575681735841272,0.0,1.215681735841272,1.200257748510023,1.2056817358412717,1.1902577485100228,3.4432629196330833,0.011687339664000002,0.020317830971685883,-0.00863049130768588,0.45488445576214004,0.040597861726778,-0.41225000740108514,0.35790377908381243,0.04761984868921764,0.4547420274601751,0.04087449200881808,0.020000000000000018,0.5952380952380958,1387,850,black_scholes_dividend_adjusted,Black-Scholes selected because American early-exercise premium was negligible,0.91405,option style inferred from configurable ticker map for SPY; continuous dividend yield used; no discrete ex-dividend schedule was supplied,,realized_60,,,2026-08-04,5,771.55,3.78,1.11,american,False,etf,True,below-model,1.2056817358412717,35.77690610804961,True,0.8401469444444443,A - strongest research candidate,4,,,12083.738425055646,-1.4286109512574332,3.396671974107847,-142.86109512574333,100.0,long_vol,1.0018793338085672,0.001877570070208208,atm,5,11.0343,-0.2234999999999996,-6.17418751960299,,,11.0343,,,,,11.11111111111111,99,16.40517201978713,-5.59437201978713,True,confirmed relative to historical bucket,3.3948560836452657,3.340695574443099,3.3389901339591783,3.341206411990356,4.560257748510023,4.581744742631526,4.575681735841272,10.865407309536831,10.868957816718243,10.863308385009798,converged,,0.0,0.02148699412150279,stable,1.215681735841272,4.575681735841272,75.0,0.2960000419989228,15.844600042328238,4.3268000008538365,7.1706000017002225,0.2960000419989228,3.341206411990356,14.254062919633084
SPY,771.55,2026-08-05,2026-08-10,5,call,772,3.85,3.87,3.86,,10.8853,10.946242444108124,10.921228648109462,14.254062919633084,3.838049614960937,5.051450322800861,3.847002316317598,5.065432476246952,5.051450322800861,0.013982153446090884,1.1914503228008608,1.2054324762469517,1.1814503228008606,1.1954324762469515,3.368762919633083,0.011848975609000001,0.020317830971685883,-0.008468855362685882,0.49566104432549196,0.040576649001111645,-0.41964613482910645,0.3601818895017578,0.051861538237585256,0.4954975460982838,0.04075573932115265,0.020000000000000018,0.5181347150259072,2633,737,black_scholes_dividend_adjusted,Black-Scholes selected because American early-exercise premium was negligible,0.926575,option style inferred from configurable ticker map for SPY; continuous dividend yield used; no discrete ex-dividend schedule was supplied,,realized_60,,,2026-08-04,5,771.55,3.78,1.11,american,False,etf,True,below-model,1.1814503228008606,30.52843211371733,True,0.7824398611111111,B - watchlist / needs trigger,5,,,12077.424569661986,-1.4011227648522757,3.3079129115819863,-140.11227648522757,100.0,long_vol,1.0005832415267968,0.000583071507562468,atm,5,11.0343,-0.14899999999999913,-6.17418751960299,,,11.0343,,,,,11.11111111111111,99,16.40517201978713,-5.51987201978713,True,confirmed relative to historical bucket,3.8964832123606925,3.847002316317598,3.842041930621179,3.838049614960937,5.065432476246952,5.054392937383002,5.051450322800861,10.921228648109462,10.935189304195994,10.946242444108124,converged,,0.0,0.011039538863949261,stable,1.1914503228008608,5.051450322800861,75.0,0.2989999484270811,15.731600113213062,3.2331999391317368,7.098900037817657,0.2989999484270811,3.838049614960937,14.254062919633084
SPY,771.55,2026-08-05,2026-08-10,5,call,771,4.38,4.41,4.395,,10.9747,11.014305378279893,10.994377074864751,14.254062919633084,4.3807920548317725,5.558155599937834,4.387906643388261,5.570607203983884,5.558155599937834,0.012451604046050058,1.1631555999378342,1.1756072039838843,1.1481555999378337,1.1606072039838837,3.2793629196330834,0.012044404009,0.020317830971685883,-0.008273426962685883,0.5359392054551972,0.040084238036543825,-0.42349334453047655,0.35873320773351675,0.0560442605361816,0.5359338278504029,0.04028101367679925,0.03000000000000025,0.6825938566552958,1776,1015,black_scholes_dividend_adjusted,Black-Scholes selected because American early-exercise premium was negligible,0.9304749999999999,option style inferred from configurable ticker map for SPY; continuous dividend yield used; no discrete ex-dividend schedule was supplied,,realized_60,,,2026-08-04,5,771.55,3.78,1.11,american,False,etf,True,below-model,1.1481555999378337,26.035274375007567,True,0.670134861111111,B - watchlist / needs trigger,6,,,11930.861055220972,-1.3521795553743032,3.2423973439388942,-135.21795553743033,100.0,long_vol,0.9992871492450263,-0.0007131049538842731,atm,5,11.0343,-0.05959999999999965,-6.17418751960299,,,11.0343,,,,,11.11111111111111,99,16.40517201978713,-5.43047201978713,True,confirmed relative to historical bucket,4.44394786068159,4.387906643388261,4.385990326744164,4.3807920548317725,5.570607203983884,5.562790499761207,5.558155599937834,10.994377074864751,10.999818233981241,11.014305378279893,converged,,0.0,0.007816704222676663,stable,1.1631555999378342,5.558155599937834,75.0,0.3103999188169837,15.116199967451394,4.190800013020635,7.326000020839274,0.3103999188169837,4.3807920548317725,14.254062919633084
SPY,771.55,2026-08-05,2026-08-10,5,put,774,5.1,5.19,5.145,,10.9747,11.000415206216925,10.89391009817022,14.254062919633084,5.135942502137766,6.2972953029916425,5.1735737476759835,6.332685252077273,6.332685252077273,0.03538994908563087,1.152295302991643,1.1876852520772738,1.1072953029916421,1.142685252077273,3.2793629196330834,0.012044404009,0.020317830971685883,-0.008273426962685883,-0.5838280564253748,0.039354668342925024,-0.3530504555497578,0.3522039361475524,-0.06240938074481311,-0.5877561112096258,0.03996632366164612,0.09000000000000075,1.7492711370262537,1888,196,binomial_american_crr,American CRR selected because same-lattice early-exercise premium exceeded the materiality threshold,0.927475,option style inferred from configurable ticker map for SPY; early exercise premium is material,,realized_60,,,2026-08-04,5,771.55,3.78,1.11,american,False,etf,True,below-model,1.142685252077273,22.0170568801016,True,0.6573585984848485,B - watchlist / needs trigger,7,,,11713.708501722751,-1.3275686541259706,3.3721521260333236,-132.75686541259705,100.0,long_vol,1.0031754260903376,0.0031703950725133117,atm,5,11.0343,-0.05959999999999965,-6.17418751960299,,,11.0343,,,,,9.090909090909092,99,15.016053951568905,-4.0413539515689045,True,confirmed relative to historical bucket,5.067714906158528,5.1735737476759835,5.166909400245375,5.151815434773206,6.332685252077273,6.319988995989404,6.310431512707687,10.89391009817022,10.912421291174226,10.89391009817022,converged,,0.023109248033613916,0.012696256087869173,stable,1.1876852520772738,6.332685252077273,75.0,0.453400076366961,19.907600013539195,6.261499947868288,9.91179991979152,19.907600013539195,5.135942502137766,14.254062919633084
SPY,771.55,2026-08-05,2026-08-10,5,put,775,5.69,5.78,5.735,,10.915099999999999,10.948635821835222,10.889021063904995,14.254062919633084,5.723500354734881,6.882149743041339,5.743541099356633,6.920306782878131,6.920306782878131,0.03815703983679253,1.1471497430413384,1.185306782878131,1.1021497430413385,1.140306782878131,3.338962919633085,0.011913940800999997,0.020317830971685883,-0.008403890170685886,-0.6232278008894292,0.03851890793023261,-0.33845929000540564,0.34285222772677143,-0.06665409727821561,-0.6285298450480701,0.039388426084692736,0.08999999999999986,1.5693112467305992,2418,138,binomial_american_crr,American CRR selected because same-lattice early-exercise premium exceeded the materiality threshold,0.9324250000000001,option style inferred from configurable ticker map for SPY; early exercise premium is material,,realized_60,,,2026-08-04,5,771.55,3.78,1.11,american,False,etf,True,below-model,1.140306782878131,19.728491053254864,True,0.6284394318181818,B - watchlist / needs trigger,8,,,11464.948843370341,-1.3198653546878976,3.4571943450305804,-131.98653546878975,100.0,long_vol,1.0044715183721082,0.004461550836133361,atm,5,11.0343,-0.11920000000000108,-6.17418751960299,,,11.0343,,,,,9.090909090909092,99,15.016053951568905,-4.100953951568906,True,confirmed relative to historical bucket,5.650644465075004,5.743541099356633,5.752392321597414,5.741955567035244,6.920306782878131,6.913271338455052,6.896839995838961,10.889021063904995,10.863093318373785,10.889021063904995,converged,,0.025112647183370918,0.007035444423078907,stable,1.185306782878131,6.920306782878131,75.0,0.3541000187397003,19.369999994523823,4.616399994120002,5.463899928145111,19.369999994523823,5.723500354734881,14.254062919633084
SPY,771.55,2026-08-05,2026-08-10,5,put,772,4.08,4.1,4.09,,11.0939,11.11930863443984,11.042685740247467,14.254062919633084,4.080848224349552,5.219114813911403,4.1085053290198985,5.250533301322645,5.250533301322645,0.031418487411241536,1.1291148139114036,1.160533301322645,1.1191148139114038,1.1505333013226453,3.160162919633084,0.012307461721,0.020317830971685883,-0.008010369250685883,-0.5040102935995978,0.03981386567048414,-0.370715374803665,0.36018355875031133,-0.053828765787824556,-0.5071435939752902,0.04038208431093746,0.019999999999999574,0.48899755501221454,4348,637,binomial_american_crr,American CRR selected because same-lattice early-exercise premium exceeded the materiality threshold,0.926725,option style inferred from configurable ticker map for SPY; early exercise premium is material,,realized_60,,,2026-08-04,5,771.55,3.78,1.11,american,False,etf,True,below-model,1.1505333013226453,28.061787837137693,True,0.623356452020202,B - watchlist / needs trigger,9,,,11850.386153098882,-1.300355737664891,3.2220607330029662,-130.0355737664891,100.0,long_vol,1.0005832415267968,0.000583071507562468,atm,5,11.0343,0.05959999999999965,-6.17418751960299,,,11.0343,,,,,10.1010101010101,99,15.016053951568905,-3.9221539515689052,True,confirmed relative to historical bucket,4.021988335537571,4.1085053290198985,4.102851258566827,4.0926410670768805,5.250533301322645,5.239198025274197,5.2296141825097155,11.042685740247467,11.058158891107503,11.042685740247467,converged,,0.017436333968456452,0.011335276048447973,stable,1.160533301322645,5.250533301322645,75.0,0.363500090315938,17.25919998716563,5.096100037917495,10.569200036115944,17.25919998716563,4.080848224349552,14.254062919633084
SPY,771.55,2026-08-05,2026-08-10,5,put,773,4.57,4.62,4.595,,11.0343,11.05285739477845,10.991897215315763,14.254062919633084,4.58835625649516,5.742828552772153,4.60996708914539,5.74835230271772,5.74835230271772,0.005523749945567147,1.147828552772153,1.1533523027177202,1.1228285527721527,1.1283523027177198,3.2197629196330837,0.012175577649,0.020317830971685883,-0.008142253322685884,-0.5439523402361924,0.039786904487375326,-0.3638589645378137,0.35800593778208656,-0.05811983347475744,-0.5475977407160388,0.04049848811408055,0.04999999999999982,1.0881392818280702,3050,242,binomial_american_crr,American CRR selected because same-lattice early-exercise premium exceeded the materiality threshold,0.920575,option style inferred from configurable ticker map for SPY; early exercise premium is material,,realized_60,,,2026-08-04,5,771.55,3.78,1.11,american,False,etf,True,below-model,1.1283523027177198,24.42321001553506,True,0.5702711742424242,B - watchlist / needs trigger,10,,,11842.361299807113,-1.3208699402986464,3.221601043443448,-132.08699402986463,100.0,long_vol,1.0018793338085672,0.001877570070208208,atm,5,11.0343,0.0,-6.17418751960299,,,11.0343,,,,,10.1010101010101,99,15.016053951568905,-3.981753951568905,True,confirmed relative to historical bucket,4.5248100176576145,4.60996708914539,4.608022254852099,4.602028103241728,5.74835230271772,5.767839260758941,5.754573419645751,10.991897215315763,10.99814666486585,10.991897215315763,converged,,0.02094773728010413,0.019486958041221136,stable,1.1533523027177202,5.74835230271772,75.0,0.3081000177189708,20.376100088469684,3.5099999513477087,8.556200074963272,20.376100088469684,4.58835625649516,14.254062919633084
SPY,771.55,2026-08-05,2026-08-10,5,put,776,6.31,6.42,6.365,,10.8555,10.899377462885216,10.760101634745855,14.254062919633084,6.35050913942365,7.49685209981476,6.396261450796944,7.510712237976175,7.510712237976175,0.013860138161414959,1.1318520998147594,1.1457122379761744,1.0768520998147597,1.0907122379761747,3.3985629196330844,0.011784188025,0.020317830971685883,-0.008533642946685883,-0.6617450059612878,0.037294126565032566,-0.3203751772928072,0.3301380358343057,-0.07081094088888429,-0.6667132615310456,0.03799044546860958,0.11000000000000032,1.7282010997643413,1373,246,binomial_american_crr,American CRR selected because same-lattice early-exercise premium exceeded the materiality threshold,0.9295,option style inferred from configurable ticker map for SPY; early exercise premium is material,,realized_60,,,2026-08-04,5,771.55,3.78,1.11,american,False,etf,True,below-model,1.0907122379761747,16.989287195890572,True,0.5171820707070708,B - watchlist / needs trigger,11,,,11100.399159828807,-1.2976279862420685,3.470403630047646,-129.76279862420685,100.0,long_vol,1.0057676106538787,0.005751041666005066,atm,5,11.0343,-0.17880000000000074,-6.17418751960299,,,11.0343,,,,,9.090909090909092,99,15.016053951568905,-4.160553951568906,True,confirmed relative to historical bucket,6.273125817295011,6.396261450796944,6.386367471634795,6.371998505234202,7.510712237976175,7.5227416195928125,7.513277874035677,10.760101634745855,10.791538044747558,10.760101634745855,converged,,0.029899970630317796,0.012029381616637913,stable,1.1457122379761744,7.510712237976175,75.0,0.3223000094294548,15.638699987903237,4.224799922667444,7.653099950402975,15.638699987903237,6.35050913942365,14.254062919633084
SPY,771.55,2026-08-05,2026-08-10,5,put,771,3.62,3.64,3.63,,11.183300000000001,11.200550441076832,11.134180294857558,14.254062919633084,3.6238108613641202,4.726337765227981,3.6477006116165565,4.754863075836354,4.754863075836354,0.028525310608372934,1.0963377652279815,1.1248630758363545,1.0863377652279813,1.1148630758363542,3.070762919633083,0.012506619889000004,0.020317830971685883,-0.007811211082685879,-0.46448266104767166,0.039341651327493996,-0.3746436761872976,0.35877969095634077,-0.04958841205379387,-0.46711264004814496,0.039879586790556816,0.020000000000000018,0.5509641873278243,3689,701,binomial_american_crr,American CRR selected because same-lattice early-exercise premium exceeded the materiality threshold,0.927775,option style inferred from configurable ticker map for SPY; early exercise premium is material,,realized_60,,,2026-08-04,5,771.55,3.78,1.11,american,False,etf,True,below-model,1.1148630758363542,30.628106479020722,True,0.4741665277777778,B - watchlist / needs trigger,12,,,11709.834056053616,-1.2529861034939527,3.1352473514818793,-125.29861034939526,100.0,long_vol,0.9992871492450263,-0.0007131049538842731,atm,5,11.0343,0.1490000000000009,-6.17418751960299,,,11.0343,,,,,11.11111111111111,99,15.016053951568905,-3.832753951568904,True,confirmed relative to historical bucket,3.56958526893726,3.6477006116165565,3.6439251856252715,3.633988285127316,4.754863075836354,4.745596088424266,4.735722352179385,11.134180294857558,11.144467816287683,11.134180294857558,converged,,0.016073706565594037,0.009266987412088312,stable,1.1248630758363545,4.754863075836354,75.0,0.18229999113827944,16.234199982136488,3.356400062330067,7.4850000673905015,16.234199982136488,3.6238108613641202,14.254062919633084
SPY,771.55,2026-08-05,2026-08-10,5,call,770,4.95,5.01,4.98,,11.0492,11.111972840672788,11.10784550911048,14.254062919633084,4.957792474930443,6.0957955955153125,4.959485993143908,6.081709115169652,6.0957955955153125,0.0,1.115795595515312,1.1017091151696512,1.0857955955153127,1.0717091151696518,3.204862919633083,0.012208482064000001,0.020317830971685883,-0.008109348907685882,0.5753559771644933,0.03926005222501412,-0.4228162606287861,0.3537423029037731,0.060131248178949895,0.5753137949582874,0.03950934242044662,0.05999999999999961,1.2048192771084258,1631,1646,black_scholes_dividend_adjusted,Black-Scholes selected because American early-exercise premium was negligible,0.92215,option style inferred from configurable ticker map for SPY; continuous dividend yield used; no discrete ex-dividend schedule was supplied,,realized_60,,,2026-08-04,5,771.55,3.78,1.11,american,False,etf,True,below-model,1.0857955955153127,21.67256677675275,True,0.4572186111111111,B - watchlist / needs trigger,13,,,11685.546515573726,-1.2981119708463063,3.15426112838655,-129.81119708463063,100.0,long_vol,0.9979910569632559,-0.0020109636694841788,atm,5,11.0343,0.014900000000000801,-6.17418751960299,,,11.0343,,,,,11.11111111111111,99,16.40517201978713,-5.35597201978713,True,confirmed relative to historical bucket,5.0255671490664895,4.959485993143908,4.953632734361899,4.957792474930443,6.081709115169652,6.100437544743099,6.0957955955153125,11.10784550911048,11.12296275916017,11.111972840672788,converged,,0.0,0.018728429573447336,stable,1.115795595515312,6.0957955955153125,75.0,0.2937999088317156,8.51029995828867,5.374599946662784,7.342600030824542,0.2937999088317156,4.957792474930443,14.254062919633084
SPY,771.55,2026-08-05,2026-08-10,5,put,770,3.2,3.22,3.21,,11.2578,11.285185989858963,11.245452345185644,14.254062919633084,3.200306025556415,4.264495434985122,3.2143225138028666,4.264554752433859,4.264554752433859,5.931744873688416e-05,1.0544954349851219,1.0545547524338588,1.0444954349851217,1.0445547524338585,2.996262919633084,0.012673806083999999,0.020317830971685883,-0.007644024887685884,-0.42577855130111075,0.038556457239522425,-0.37412057995754766,0.3539614307810598,-0.045439691408483335,-0.4280492011291519,0.03912668283597945,0.020000000000000018,0.6230529595015583,5918,954,binomial_american_crr,American CRR selected because same-lattice early-exercise premium exceeded the materiality threshold,0.91675,option style inferred from configurable ticker map for SPY; early exercise premium is material,,realized_60,,,2026-08-04,5,771.55,3.78,1.11,american,False,etf,True,below-model,1.0445547524338585,32.43958858490244,True,0.3833375,B - watchlist / needs trigger,14,,,11476.125196316052,-1.2016957070525884,2.9792928289018747,-120.16957070525885,100.0,long_vol,0.9979910569632559,-0.0020109636694841788,atm,5,11.0343,0.2234999999999996,-6.17418751960299,,,11.0343,,,,,11.11111111111111,99,15.016053951568905,-3.7582539515689053,True,confirmed relative to historical bucket,3.150615960901348,3.2143225138028666,3.210098216968656,3.209110497708941,4.264554752433859,4.282266353911293,4.272882381518682,11.245452345185644,11.257525261070263,11.245452345185644,converged,,0.01414579779768843,0.017711601477434336,stable,1.0545547524338588,4.264554752433859,75.0,0.33299997448921204,17.33169995713979,3.851699992083013,6.67330005671829,17.33169995713979,3.200306025556415,14.254062919633084
SPY,771.55,2026-08-05,2026-08-10,5,call,769,5.57,5.66,5.615,,11.1982,11.244684450866224,11.210185165318133,14.254062919633084,5.598929366026994,6.66418200319805,5.610821463949749,6.677908416728175,6.66418200319805,0.013726413530124937,1.0491820031980499,1.0629084167281748,1.00418200319805,1.017908416728175,3.0558629196330838,0.012539968323999999,0.020317830971685883,-0.007777862647685884,0.6128677788636542,0.03785309403507472,-0.42109218497313955,0.3456645915122504,0.06400811033098977,0.6127247336318504,0.03798934692395278,0.08999999999999986,1.6028495102404248,838,2496,black_scholes_dividend_adjusted,Black-Scholes selected because American early-exercise premium was negligible,0.929275,option style inferred from configurable ticker map for SPY; continuous dividend yield used; no discrete ex-dividend schedule was supplied,,realized_60,,,2026-08-04,5,771.55,3.78,1.11,american,False,etf,True,below-model,1.00418200319805,17.7417315052659,True,0.31666577020202014,B - watchlist / needs trigger,15,,,11266.772865457971,-1.2004302990439235,3.0352602753090108,-120.04302990439236,100.0,long_vol,0.9966949646814853,-0.0033105090115697977,atm,5,11.0343,0.16389999999999993,-6.17418751960299,,,11.0343,,,,,12.121212121212121,99,16.40517201978713,-5.2069720197871305,True,confirmed relative to historical bucket,5.6710954089898,5.610821463949749,5.605179626702274,5.598929366026994,6.677908416728175,6.6669425211195765,6.66418200319805,11.210185165318133,11.226508408390227,11.244684450866224,converged,,0.0,0.010965895608598508,stable,1.0491820031980499,6.66418200319805,75.0,0.27899991255253553,15.710100065916777,4.751699976623058,6.1697999481111765,0.27899991255253553,5.598929366026994,14.254062919633084
SPY,771.55,2026-08-05,2026-08-10,5,put,769,2.83,2.84,2.835,,11.391900000000001,11.39147562965129,11.322979416196954,14.254062919633084,2.835146890377075,3.8333995168474644,2.859041398377842,3.8588972617700654,3.8588972617700654,0.02549774492260104,0.9983995168474644,1.0238972617700655,0.9933995168474645,1.0188972617700656,2.8621629196330822,0.012977538561000005,0.020317830971685883,-0.007340292410685878,-0.3887635719737952,0.03725882453662817,-0.37206479271428866,0.3461231157148957,-0.041477490526953244,-0.39084981638159677,0.03766295908162405,0.009999999999999787,0.3527336860670119,1106,1670,binomial_american_crr,American CRR selected because same-lattice early-exercise premium exceeded the materiality threshold,0.92245,option style inferred from configurable ticker map for SPY; early exercise premium is material,,realized_60,,,2026-08-04,5,771.55,3.78,1.11,american,False,etf,True,below-model,1.0188972617700656,35.8766641468333,True,0.27945583333333335,B - watchlist / needs trigger,16,,,11089.89169813086,-1.1151102447550445,2.9581880414293327,-111.51102447550446,100.0,long_vol,0.9966949646814853,-0.0033105090115697977,atm,5,11.0343,0.3576000000000015,-6.17418751960299,,,11.0343,,,,,11.11111111111111,99,15.016053951568905,-3.6241539515689034,True,confirmed relative to historical bucket,2.789790659652965,2.859041398377842,2.852243970781041,2.842775068837868,3.8588972617700654,3.8472833427646815,3.840893783710173,11.322979416196954,11.342227311160478,11.322979416196954,converged,,0.011771331395732165,0.011613919005383888,stable,1.0238972617700655,3.8588972617700654,75.0,0.19329995848238468,12.724799918942153,5.162300076335669,8.232699939981103,12.724799918942153,2.835146890377075,14.254062919633084
SPY,771.55,2026-08-05,2026-08-10,5,call,768,6.23,6.31,6.27,,11.2578,11.331433348968435,11.370440131332245,14.254062919633084,6.245354116948079,7.262942863859621,6.233866508088112,7.274107718286691,7.262942863859621,0.011164854427070381,0.9929428638596214,1.0041077182866918,0.9529428638596213,0.9641077182866917,2.996262919633084,0.012673806083999999,0.020317830971685883,-0.007644024887685884,0.6495420038242623,0.03644262552529351,-0.4126491437608873,0.3345557345224344,0.06779572314159747,0.6501749284183026,0.03677019951350696,0.07999999999999918,1.2759170653907366,304,712,black_scholes_dividend_adjusted,Black-Scholes selected because American early-exercise premium was negligible,0.9337,option style inferred from configurable ticker map for SPY; continuous dividend yield used; no discrete ex-dividend schedule was supplied,,realized_60,,,2026-08-04,5,771.55,3.78,1.11,american,False,etf,True,below-model,0.9529428638596213,15.102105607917931,True,0.23090217171717173,B - watchlist / needs trigger,17,,,10846.95438724161,-1.1358135519406638,2.967944534793312,-113.58135519406638,100.0,long_vol,0.9953988723997149,-0.004611745369541555,atm,5,11.0343,0.2234999999999996,-6.17418751960299,,,11.0343,,,,,14.14141414141414,99,16.40517201978713,-5.147372019787131,True,confirmed relative to historical bucket,6.321813240454389,6.233866508088112,6.244932675611939,6.245354116948079,7.274107718286691,7.268591059520205,7.262942863859621,11.370440131332245,11.334268373027431,11.331433348968435,converged,,0.0,0.0055166587664867706,stable,0.9929428638596214,7.262942863859621,75.0,0.30260009225457907,16.98060007765889,4.65359992813319,6.965600070543587,0.30260009225457907,6.245354116948079,14.254062919633084
SPY,771.55,2026-08-05,2026-08-10,5,put,768,2.49,2.51,2.5,,11.4962,11.511203018415149,11.513436150413455,14.254062919633084,2.4949654851427,3.43267805168864,2.4940066437648563,3.4547314284792265,3.4547314284792265,0.022053376790586388,0.9326780516886402,0.9547314284792265,0.9226780516886404,0.9447314284792268,2.7578629196330837,0.013216261443999998,0.020317830971685883,-0.007101569527685885,-0.35316072047394387,0.035791537781863135,-0.3655490740139235,0.33553664669912636,-0.03766796155709782,-0.3542843924528616,0.03635594535311873,0.019999999999999574,0.7999999999999831,1604,649,binomial_american_crr,American CRR selected because same-lattice early-exercise premium exceeded the materiality threshold,0.928075,option style inferred from configurable ticker map for SPY; early exercise premium is material,,realized_60,,,2026-08-04,5,771.55,3.78,1.11,american,False,etf,True,below-model,0.9447314284792268,37.63870232984968,True,0.18327243686868686,B - watchlist / needs trigger,18,,,10653.16157036074,-1.0363584600217552,2.8453864514397686,-103.63584600217553,100.0,long_vol,0.9953988723997149,-0.004611745369541555,atm,5,11.0343,0.4619,-6.17418751960299,,,11.0343,,,,,12.121212121212121,99,15.016053951568905,-3.519853951568905,True,confirmed relative to historical bucket,2.4537762504953093,2.4940066437648563,2.501785218854937,2.501593780509196,3.4547314284792265,3.4482404950161634,3.4393736722689923,11.513436150413455,11.490766768169202,11.513436150413455,converged,,0.010888522366732545,0.006490933463063175,stable,0.9547314284792265,3.4547314284792265,75.0,0.29289990197867155,16.49780001025647,4.808799945749342,8.023999980650842,16.49780001025647,2.4949654851427,14.254062919633084
